Sitemap,URL
"https://proxyway.com/page-sitemap.xml","https://proxyway.com/"
"https://proxyway.com/page-sitemap.xml","https://proxyway.com/privacy-notice"
"https://proxyway.com/page-sitemap.xml","https://proxyway.com/terms-and-conditions"
"https://proxyway.com/page-sitemap.xml","https://proxyway.com/about-us"
"https://proxyway.com/page-sitemap.xml","https://proxyway.com/how-we-review-proxy-services"
"https://proxyway.com/reviews-sitemap.xml","https://proxyway.com/reviews"
"https://proxyway.com/reviews-sitemap.xml","https://proxyway.com/reviews/icedout-proxies"
"https://proxyway.com/reviews-sitemap.xml","https://proxyway.com/reviews/brazykicks-proxies"
"https://proxyway.com/reviews-sitemap.xml","https://proxyway.com/reviews/myprivateproxy-proxies"
"https://proxyway.com/reviews-sitemap.xml","https://proxyway.com/reviews/multilogin"
"https://proxyway.com/reviews-sitemap.xml","https://proxyway.com/reviews/gologin"
"https://proxyway.com/reviews-sitemap.xml","https://proxyway.com/reviews/webshare-proxies"
"https://proxyway.com/reviews-sitemap.xml","https://proxyway.com/reviews/soax-proxies"
"https://proxyway.com/reviews-sitemap.xml","https://proxyway.com/reviews/rayobyte-proxies"
"https://proxyway.com/reviews-sitemap.xml","https://proxyway.com/reviews/packetstream-proxies"
"https://proxyway.com/reviews-sitemap.xml","https://proxyway.com/reviews/storm-proxies"
"https://proxyway.com/reviews-sitemap.xml","https://proxyway.com/reviews/geosurf-proxies"
"https://proxyway.com/reviews-sitemap.xml","https://proxyway.com/reviews/dataimpulse-proxies"
"https://proxyway.com/reviews-sitemap.xml","https://proxyway.com/reviews/liveproxies-proxies"
"https://proxyway.com/reviews-sitemap.xml","https://proxyway.com/reviews/crawlera"
"https://proxyway.com/reviews-sitemap.xml","https://proxyway.com/reviews/infatica"
"https://proxyway.com/reviews-sitemap.xml","https://proxyway.com/reviews/nodemaven-proxies"
"https://proxyway.com/reviews-sitemap.xml","https://proxyway.com/reviews/proxyrack-proxies"
"https://proxyway.com/reviews-sitemap.xml","https://proxyway.com/reviews/massive-proxies"
"https://proxyway.com/reviews-sitemap.xml","https://proxyway.com/reviews/proxyempire-proxies"
"https://proxyway.com/reviews-sitemap.xml","https://proxyway.com/reviews/pia-s5-proxies"
"https://proxyway.com/reviews-sitemap.xml","https://proxyway.com/reviews/lunaproxy-proxies"
"https://proxyway.com/reviews-sitemap.xml","https://proxyway.com/reviews/iproyal-proxies"
"https://proxyway.com/reviews-sitemap.xml","https://proxyway.com/reviews/netnut-proxies"
"https://proxyway.com/reviews-sitemap.xml","https://proxyway.com/reviews/proxy-seller-proxies"
"https://proxyway.com/reviews-sitemap.xml","https://proxyway.com/reviews/nimbleway-review"
"https://proxyway.com/reviews-sitemap.xml","https://proxyway.com/reviews/shifter-proxies"
"https://proxyway.com/reviews-sitemap.xml","https://proxyway.com/reviews/asocks-proxies"
"https://proxyway.com/reviews-sitemap.xml","https://proxyway.com/reviews/geelark-review"
"https://proxyway.com/reviews-sitemap.xml","https://proxyway.com/reviews/hypeproxies-review"
"https://proxyway.com/reviews-sitemap.xml","https://proxyway.com/reviews/smartproxy-proxies"
"https://proxyway.com/reviews-sitemap.xml","https://proxyway.com/reviews/evomi-review"
"https://proxyway.com/reviews-sitemap.xml","https://proxyway.com/reviews/oxylabs-proxies"
"https://proxyway.com/reviews-sitemap.xml","https://proxyway.com/reviews/astroproxy-proxies"
"https://proxyway.com/reviews-sitemap.xml","https://proxyway.com/reviews/coresignal-review"
"https://proxyway.com/reviews-sitemap.xml","https://proxyway.com/reviews/bright-data-proxies"
"https://proxyway.com/reviews-sitemap.xml","https://proxyway.com/reviews/ping-proxies"
"https://proxyway.com/tools-sitemap.xml","https://proxyway.com/tools"
"https://proxyway.com/tools-sitemap.xml","https://proxyway.com/tools/free-online-proxy-checker"
"https://proxyway.com/best-sitemap.xml","https://proxyway.com/best"
"https://proxyway.com/best-sitemap.xml","https://proxyway.com/best/sneaker-bots"
"https://proxyway.com/best-sitemap.xml","https://proxyway.com/best/shopify-bots"
"https://proxyway.com/best-sitemap.xml","https://proxyway.com/best/yeezy-supply-bots"
"https://proxyway.com/best-sitemap.xml","https://proxyway.com/best/sneaker-bots-for-mac"
"https://proxyway.com/best-sitemap.xml","https://proxyway.com/best/nike-snkrs-bots"
"https://proxyway.com/best-sitemap.xml","https://proxyway.com/best/supreme-bots"
"https://proxyway.com/best-sitemap.xml","https://proxyway.com/best/free-proxy-list"
"https://proxyway.com/best-sitemap.xml","https://proxyway.com/best/ecommerce-product-data-providers"
"https://proxyway.com/best-sitemap.xml","https://proxyway.com/best/glassdoor-datasets"
"https://proxyway.com/best-sitemap.xml","https://proxyway.com/best/sales-datasets"
"https://proxyway.com/best-sitemap.xml","https://proxyway.com/best/job-posting-data"
"https://proxyway.com/best-sitemap.xml","https://proxyway.com/best/browser-proxy-extensions"
"https://proxyway.com/best-sitemap.xml","https://proxyway.com/best/private-proxy"
"https://proxyway.com/best-sitemap.xml","https://proxyway.com/best/shared-proxies"
"https://proxyway.com/best-sitemap.xml","https://proxyway.com/best/proxies-for-google-scraping"
"https://proxyway.com/best-sitemap.xml","https://proxyway.com/best/social-media-scrapers"
"https://proxyway.com/best-sitemap.xml","https://proxyway.com/best/g2-web-scrapers"
"https://proxyway.com/best-sitemap.xml","https://proxyway.com/best/isp-proxies"
"https://proxyway.com/best-sitemap.xml","https://proxyway.com/best/sneaker-proxies"
"https://proxyway.com/best-sitemap.xml","https://proxyway.com/best/scrapebox-proxies"
"https://proxyway.com/best-sitemap.xml","https://proxyway.com/best/facebook-proxies"
"https://proxyway.com/best-sitemap.xml","https://proxyway.com/best/instagram-proxy"
"https://proxyway.com/best-sitemap.xml","https://proxyway.com/best/youtube-proxies"
"https://proxyway.com/best-sitemap.xml","https://proxyway.com/best/datacenter-proxies"
"https://proxyway.com/best-sitemap.xml","https://proxyway.com/best/mobile-proxy"
"https://proxyway.com/best-sitemap.xml","https://proxyway.com/best/seo-proxies"
"https://proxyway.com/best-sitemap.xml","https://proxyway.com/best/best-web-scraping-apis"
"https://proxyway.com/best-sitemap.xml","https://proxyway.com/best/no-code-web-scrapers"
"https://proxyway.com/best-sitemap.xml","https://proxyway.com/best/web-scraping-services"
"https://proxyway.com/best-sitemap.xml","https://proxyway.com/best/mcp-servers-for-web-scraping"
"https://proxyway.com/best-sitemap.xml","https://proxyway.com/best/best-shein-web-scrapers"
"https://proxyway.com/best-sitemap.xml","https://proxyway.com/best/walmart-scrapers"
"https://proxyway.com/best-sitemap.xml","https://proxyway.com/best/indeed-scrapers"
"https://proxyway.com/best-sitemap.xml","https://proxyway.com/best/google-maps-scrapers"
"https://proxyway.com/best-sitemap.xml","https://proxyway.com/best/price-scraping-tools"
"https://proxyway.com/best-sitemap.xml","https://proxyway.com/best/ecommerce-scrapers"
"https://proxyway.com/best-sitemap.xml","https://proxyway.com/best/tiktok-scrapers"
"https://proxyway.com/best-sitemap.xml","https://proxyway.com/best/best-amazon-scrapers"
"https://proxyway.com/best-sitemap.xml","https://proxyway.com/best/web-scraping-tools"
"https://proxyway.com/best-sitemap.xml","https://proxyway.com/best/web-unblockers"
"https://proxyway.com/best-sitemap.xml","https://proxyway.com/best/amazon-proxy"
"https://proxyway.com/best-sitemap.xml","https://proxyway.com/best/ai-web-scrapers"
"https://proxyway.com/best-sitemap.xml","https://proxyway.com/best/best-patreon-scraper"
"https://proxyway.com/best-sitemap.xml","https://proxyway.com/best/static-residential-proxies"
"https://proxyway.com/best-sitemap.xml","https://proxyway.com/best/serp-api"
"https://proxyway.com/best-sitemap.xml","https://proxyway.com/best/instagram-scrapers"
"https://proxyway.com/best-sitemap.xml","https://proxyway.com/best/best-zillow-scrapers"
"https://proxyway.com/best-sitemap.xml","https://proxyway.com/best/proxies-for-android"
"https://proxyway.com/best-sitemap.xml","https://proxyway.com/best/social-media-proxies"
"https://proxyway.com/best-sitemap.xml","https://proxyway.com/best/proxies-for-tiktok"
"https://proxyway.com/best-sitemap.xml","https://proxyway.com/best/youtube-scrapers"
"https://proxyway.com/best-sitemap.xml","https://proxyway.com/best/proxies-for-ad-verification"
"https://proxyway.com/best-sitemap.xml","https://proxyway.com/best/yeezy-proxies"
"https://proxyway.com/best-sitemap.xml","https://proxyway.com/best/supreme-proxy"
"https://proxyway.com/best-sitemap.xml","https://proxyway.com/best/nike-proxy"
"https://proxyway.com/best-sitemap.xml","https://proxyway.com/best/footsite-proxies"
"https://proxyway.com/best-sitemap.xml","https://proxyway.com/best/socks5-proxies"
"https://proxyway.com/best-sitemap.xml","https://proxyway.com/best/proxy-service-providers"
"https://proxyway.com/best-sitemap.xml","https://proxyway.com/best/twitter-proxy"
"https://proxyway.com/best-sitemap.xml","https://proxyway.com/best/web-scraping-proxies"
"https://proxyway.com/best-sitemap.xml","https://proxyway.com/best/craigslist-proxies"
"https://proxyway.com/best-sitemap.xml","https://proxyway.com/best/rotating-proxies"
"https://proxyway.com/best-sitemap.xml","https://proxyway.com/best/company-data-providers"
"https://proxyway.com/best-sitemap.xml","https://proxyway.com/best/antidetect-browsers"
"https://proxyway.com/best-sitemap.xml","https://proxyway.com/best/scraping-browsers"
"https://proxyway.com/best-sitemap.xml","https://proxyway.com/best/facebook-scraping-tools"
"https://proxyway.com/best-sitemap.xml","https://proxyway.com/best/residential-proxies"
"https://proxyway.com/guides-sitemap.xml","https://proxyway.com/guides"
"https://proxyway.com/guides-sitemap.xml","https://proxyway.com/guides/how-to-bypass-captcha"
"https://proxyway.com/guides-sitemap.xml","https://proxyway.com/guides/parsehub-review"
"https://proxyway.com/guides-sitemap.xml","https://proxyway.com/guides/dedicated-proxies"
"https://proxyway.com/guides-sitemap.xml","https://proxyway.com/guides/what-is-headless-browser"
"https://proxyway.com/guides-sitemap.xml","https://proxyway.com/guides/what-is-data-parsing"
"https://proxyway.com/guides-sitemap.xml","https://proxyway.com/guides/scrapy-vs-beautiful-soup-vs-selenium"
"https://proxyway.com/guides-sitemap.xml","https://proxyway.com/guides/another-nike-bot-review"
"https://proxyway.com/guides-sitemap.xml","https://proxyway.com/guides/better-nike-bot-review"
"https://proxyway.com/guides-sitemap.xml","https://proxyway.com/guides/seo-proxies"
"https://proxyway.com/guides-sitemap.xml","https://proxyway.com/guides/aio-bot-review"
"https://proxyway.com/guides-sitemap.xml","https://proxyway.com/guides/jarvee-review"
"https://proxyway.com/guides-sitemap.xml","https://proxyway.com/guides/cybersole-review"
"https://proxyway.com/guides-sitemap.xml","https://proxyway.com/guides/proxy-anonymity"
"https://proxyway.com/guides-sitemap.xml","https://proxyway.com/guides/web-crawling-vs-web-scraping"
"https://proxyway.com/guides-sitemap.xml","https://proxyway.com/guides/what-is-an-anonymous-proxy"
"https://proxyway.com/guides-sitemap.xml","https://proxyway.com/guides/proxy-switchyomega-chrome"
"https://proxyway.com/guides-sitemap.xml","https://proxyway.com/guides/backconnect-proxies"
"https://proxyway.com/guides-sitemap.xml","https://proxyway.com/guides/cook-group"
"https://proxyway.com/guides-sitemap.xml","https://proxyway.com/guides/octoparse-review"
"https://proxyway.com/guides-sitemap.xml","https://proxyway.com/guides/sneaker-server"
"https://proxyway.com/guides-sitemap.xml","https://proxyway.com/guides/proxy-pool-test"
"https://proxyway.com/guides-sitemap.xml","https://proxyway.com/guides/how-to-use-proxifier"
"https://proxyway.com/guides-sitemap.xml","https://proxyway.com/guides/elite-proxies"
"https://proxyway.com/guides-sitemap.xml","https://proxyway.com/guides/nft-slang"
"https://proxyway.com/guides-sitemap.xml","https://proxyway.com/guides/wrath-aio-review"
"https://proxyway.com/guides-sitemap.xml","https://proxyway.com/guides/kodai-bot-review"
"https://proxyway.com/guides-sitemap.xml","https://proxyway.com/guides/prism-bot-review"
"https://proxyway.com/guides-sitemap.xml","https://proxyway.com/guides/sticky-or-rotating-proxies"
"https://proxyway.com/guides-sitemap.xml","https://proxyway.com/guides/mobile-proxy"
"https://proxyway.com/guides-sitemap.xml","https://proxyway.com/guides/why-use-a-proxy"
"https://proxyway.com/guides-sitemap.xml","https://proxyway.com/guides/how-to-jig-an-address"
"https://proxyway.com/guides-sitemap.xml","https://proxyway.com/guides/copping-shoes-the-guide"
"https://proxyway.com/guides-sitemap.xml","https://proxyway.com/guides/balkobot-review"
"https://proxyway.com/guides-sitemap.xml","https://proxyway.com/guides/residential-vs-datacenter-proxies"
"https://proxyway.com/guides-sitemap.xml","https://proxyway.com/guides/what-is-proxy-subnet"
"https://proxyway.com/guides-sitemap.xml","https://proxyway.com/guides/rotating-proxies"
"https://proxyway.com/guides-sitemap.xml","https://proxyway.com/guides/reddit-proxies"
"https://proxyway.com/guides-sitemap.xml","https://proxyway.com/guides/what-is-a-proxy"
"https://proxyway.com/guides-sitemap.xml","https://proxyway.com/guides/residential-vs-isp-proxies"
"https://proxyway.com/guides-sitemap.xml","https://proxyway.com/guides/how-to-manage-social-media-accounts-for-multiple-clients"
"https://proxyway.com/guides-sitemap.xml","https://proxyway.com/guides/how-to-scrape-google-search-results"
"https://proxyway.com/guides-sitemap.xml","https://proxyway.com/guides/what-is-social-media-scraping"
"https://proxyway.com/guides-sitemap.xml","https://proxyway.com/guides/foxyproxy-chrome-firefox"
"https://proxyway.com/guides-sitemap.xml","https://proxyway.com/guides/firefox-proxy-setup"
"https://proxyway.com/guides-sitemap.xml","https://proxyway.com/guides/captcha-proxies"
"https://proxyway.com/guides-sitemap.xml","https://proxyway.com/guides/the-sneaker-bot-handbook"
"https://proxyway.com/guides-sitemap.xml","https://proxyway.com/guides/isp-proxies"
"https://proxyway.com/guides-sitemap.xml","https://proxyway.com/guides/mac-proxy-setup"
"https://proxyway.com/guides-sitemap.xml","https://proxyway.com/guides/how-to-create-multiple-facebook-accounts"
"https://proxyway.com/guides-sitemap.xml","https://proxyway.com/guides/how-to-choose-a-proxy-service"
"https://proxyway.com/guides-sitemap.xml","https://proxyway.com/guides/what-is-a-proxy-service"
"https://proxyway.com/guides-sitemap.xml","https://proxyway.com/guides/web-scraping-challenges"
"https://proxyway.com/guides-sitemap.xml","https://proxyway.com/guides/windows-proxy-setup"
"https://proxyway.com/guides-sitemap.xml","https://proxyway.com/guides/web-scraping-best-practices"
"https://proxyway.com/guides-sitemap.xml","https://proxyway.com/guides/types-of-proxies"
"https://proxyway.com/guides-sitemap.xml","https://proxyway.com/guides/how-to-scrape-twitter"
"https://proxyway.com/guides-sitemap.xml","https://proxyway.com/guides/how-to-scrape-instagram"
"https://proxyway.com/guides-sitemap.xml","https://proxyway.com/guides/android-proxy-settings"
"https://proxyway.com/guides-sitemap.xml","https://proxyway.com/guides/instagram-ip-ban"
"https://proxyway.com/guides-sitemap.xml","https://proxyway.com/guides/chrome-proxy-settings"
"https://proxyway.com/guides-sitemap.xml","https://proxyway.com/guides/curl-with-proxy"
"https://proxyway.com/guides-sitemap.xml","https://proxyway.com/guides/web-scraping-techniques"
"https://proxyway.com/guides-sitemap.xml","https://proxyway.com/guides/python-web-scraping-libraries"
"https://proxyway.com/guides-sitemap.xml","https://proxyway.com/guides/main-uses-of-web-scraping"
"https://proxyway.com/guides-sitemap.xml","https://proxyway.com/guides/amazon-stealth-account"
"https://proxyway.com/guides-sitemap.xml","https://proxyway.com/guides/selenium-proxy-setup"
"https://proxyway.com/guides-sitemap.xml","https://proxyway.com/guides/ipv4-vs-ipv6-proxy"
"https://proxyway.com/guides-sitemap.xml","https://proxyway.com/guides/what-are-virgin-proxies"
"https://proxyway.com/guides-sitemap.xml","https://proxyway.com/guides/is-sneaker-botting-worth-it"
"https://proxyway.com/guides-sitemap.xml","https://proxyway.com/guides/how-to-get-sneaker-bot"
"https://proxyway.com/guides-sitemap.xml","https://proxyway.com/guides/puppeteer-vs-selenium"
"https://proxyway.com/guides-sitemap.xml","https://proxyway.com/guides/social-media-proxies"
"https://proxyway.com/guides-sitemap.xml","https://proxyway.com/guides/how-to-use-proxies-with-python-requests"
"https://proxyway.com/guides-sitemap.xml","https://proxyway.com/guides/covid-19-research"
"https://proxyway.com/guides-sitemap.xml","https://proxyway.com/guides/open-proxy-instagram-error"
"https://proxyway.com/guides-sitemap.xml","https://proxyway.com/guides/overview-of-social-media-automation-methods"
"https://proxyway.com/guides-sitemap.xml","https://proxyway.com/guides/best-programming-languages-for-web-scraping"
"https://proxyway.com/guides-sitemap.xml","https://proxyway.com/guides/web-scraping-with-beautiful-soup"
"https://proxyway.com/guides-sitemap.xml","https://proxyway.com/guides/what-are-antidetect-browsers"
"https://proxyway.com/guides-sitemap.xml","https://proxyway.com/guides/web-scraping-with-selenium"
"https://proxyway.com/guides-sitemap.xml","https://proxyway.com/guides/puppeteer-proxy-setup"
"https://proxyway.com/guides-sitemap.xml","https://proxyway.com/guides/what-is-ip-rotation"
"https://proxyway.com/guides-sitemap.xml","https://proxyway.com/guides/playwright-vs-selenium"
"https://proxyway.com/guides-sitemap.xml","https://proxyway.com/guides/how-to-cop-yeezys"
"https://proxyway.com/guides-sitemap.xml","https://proxyway.com/guides/ebay-stealth-account"
"https://proxyway.com/guides-sitemap.xml","https://proxyway.com/guides/transparent-proxy"
"https://proxyway.com/guides-sitemap.xml","https://proxyway.com/guides/how-to-test-proxies"
"https://proxyway.com/guides-sitemap.xml","https://proxyway.com/guides/what-are-shared-proxies"
"https://proxyway.com/guides-sitemap.xml","https://proxyway.com/guides/configure-proxy-iphone"
"https://proxyway.com/guides-sitemap.xml","https://proxyway.com/guides/the-main-proxy-error-codes-and-how-to-fix-them"
"https://proxyway.com/guides-sitemap.xml","https://proxyway.com/guides/how-to-scrape-facebook"
"https://proxyway.com/guides-sitemap.xml","https://proxyway.com/guides/sneakerhead-slang"
"https://proxyway.com/guides-sitemap.xml","https://proxyway.com/guides/static-vs-rotating-proxies"
"https://proxyway.com/guides-sitemap.xml","https://proxyway.com/guides/python-web-scraping-projects"
"https://proxyway.com/guides-sitemap.xml","https://proxyway.com/guides/scrapy-vs-selenium"
"https://proxyway.com/guides-sitemap.xml","https://proxyway.com/guides/the-best-python-http-clients"
"https://proxyway.com/guides-sitemap.xml","https://proxyway.com/guides/best-websites-to-practice-your-web-scraping-skills"
"https://proxyway.com/guides-sitemap.xml","https://proxyway.com/guides/datacenter-proxies"
"https://proxyway.com/guides-sitemap.xml","https://proxyway.com/guides/residential-proxies"
"https://proxyway.com/guides-sitemap.xml","https://proxyway.com/guides/how-to-use-proxies"
"https://proxyway.com/guides-sitemap.xml","https://proxyway.com/guides/how-to-use-curl-with-python"
"https://proxyway.com/guides-sitemap.xml","https://proxyway.com/guides/web-scraping-with-python"
"https://proxyway.com/guides-sitemap.xml","https://proxyway.com/guides/datacenter-proxies-for-sneakers"
"https://proxyway.com/guides-sitemap.xml","https://proxyway.com/guides/web-scraping-with-node-js"
"https://proxyway.com/guides-sitemap.xml","https://proxyway.com/guides/easy-puppeteer-web-scraping-tutorial"
"https://proxyway.com/guides-sitemap.xml","https://proxyway.com/guides/web-scraping-with-pythons-lxml"
"https://proxyway.com/guides-sitemap.xml","https://proxyway.com/guides/how-to-unblock-instagram"
"https://proxyway.com/guides-sitemap.xml","https://proxyway.com/guides/cheerio-web-scraping-a-tutorial"
"https://proxyway.com/guides-sitemap.xml","https://proxyway.com/guides/holavpn-luminati"
"https://proxyway.com/guides-sitemap.xml","https://proxyway.com/guides/cheerio-vs-puppeteer-for-web-scraping"
"https://proxyway.com/guides-sitemap.xml","https://proxyway.com/guides/playwright-web-scraping-a-step-by-step-tutorial"
"https://proxyway.com/guides-sitemap.xml","https://proxyway.com/guides/how-to-surf-the-web-anonymously"
"https://proxyway.com/guides-sitemap.xml","https://proxyway.com/guides/the-best-node-js-libraries-for-web-scraping"
"https://proxyway.com/guides-sitemap.xml","https://proxyway.com/guides/reverse-proxy"
"https://proxyway.com/guides-sitemap.xml","https://proxyway.com/guides/playwright-vs-puppeteer-for-web-scraping"
"https://proxyway.com/guides-sitemap.xml","https://proxyway.com/guides/nike-shoe-bot-review"
"https://proxyway.com/guides-sitemap.xml","https://proxyway.com/guides/python-asynchronous-requests-a-web-scraping-tutorial"
"https://proxyway.com/guides-sitemap.xml","https://proxyway.com/guides/how-to-manage-multiple-discord-accounts"
"https://proxyway.com/guides-sitemap.xml","https://proxyway.com/guides/how-to-manage-multiple-tiktok-accounts"
"https://proxyway.com/guides-sitemap.xml","https://proxyway.com/guides/web-scraping-javascript-vs-python"
"https://proxyway.com/guides-sitemap.xml","https://proxyway.com/guides/socks-vs-http-proxy"
"https://proxyway.com/guides-sitemap.xml","https://proxyway.com/guides/chatgpt-web-scraping"
"https://proxyway.com/guides-sitemap.xml","https://proxyway.com/guides/how-to-inspect-element"
"https://proxyway.com/guides-sitemap.xml","https://proxyway.com/guides/the-best-python-html-parsers"
"https://proxyway.com/guides-sitemap.xml","https://proxyway.com/guides/what-is-a-dataset"
"https://proxyway.com/guides-sitemap.xml","https://proxyway.com/guides/how-to-bypass-cloudflare"
"https://proxyway.com/guides-sitemap.xml","https://proxyway.com/guides/scrape-google-flights"
"https://proxyway.com/guides-sitemap.xml","https://proxyway.com/guides/web-scraping-python-vs-php"
"https://proxyway.com/guides-sitemap.xml","https://proxyway.com/guides/datasets-in-python"
"https://proxyway.com/guides-sitemap.xml","https://proxyway.com/guides/wget-with-a-proxy"
"https://proxyway.com/guides-sitemap.xml","https://proxyway.com/guides/what-is-a-udp-proxy-a-simple-guide"
"https://proxyway.com/guides-sitemap.xml","https://proxyway.com/guides/proxy-vs-vpn"
"https://proxyway.com/guides-sitemap.xml","https://proxyway.com/guides/ipv6-proxy-guide"
"https://proxyway.com/guides-sitemap.xml","https://proxyway.com/guides/what-is-mcp-server"
"https://proxyway.com/guides-sitemap.xml","https://proxyway.com/guides/what-is-a-residential-vpn"
"https://proxyway.com/guides-sitemap.xml","https://proxyway.com/guides/what-is-an-ai-data-parser"
"https://proxyway.com/guides-sitemap.xml","https://proxyway.com/guides/ticketing-proxies-history"
"https://proxyway.com/guides-sitemap.xml","https://proxyway.com/guides/what-is-ai-web-scraping"
"https://proxyway.com/guides-sitemap.xml","https://proxyway.com/guides/how-to-scrape-chatgpt"
"https://proxyway.com/guides-sitemap.xml","https://proxyway.com/guides/reasons-to-never-use-free-proxy"
"https://proxyway.com/guides-sitemap.xml","https://proxyway.com/guides/how-to-scrape-reddit-with-python"
"https://proxyway.com/guides-sitemap.xml","https://proxyway.com/guides/mcp-vs-api"
"https://proxyway.com/guides-sitemap.xml","https://proxyway.com/guides/how-to-follow-redirects-with-curl"
"https://proxyway.com/guides-sitemap.xml","https://proxyway.com/guides/curl-vs-wget"
"https://proxyway.com/guides-sitemap.xml","https://proxyway.com/guides/screen-scraping-explained"
"https://proxyway.com/guides-sitemap.xml","https://proxyway.com/guides/what-is-web-scraping"
"https://proxyway.com/news-sitemap.xml","https://proxyway.com/news"
"https://proxyway.com/news-sitemap.xml","https://proxyway.com/news/introducing-new-team-member-isabel"
"https://proxyway.com/news-sitemap.xml","https://proxyway.com/news/foot-locker-introducing-raffle-online-sneaker-releases"
"https://proxyway.com/news-sitemap.xml","https://proxyway.com/news/proxy-providers-stand-with-ukraine"
"https://proxyway.com/news-sitemap.xml","https://proxyway.com/news/jarvee-shuts-down"
"https://proxyway.com/news-sitemap.xml","https://proxyway.com/news/introducing-proxyway-news-feed"
"https://proxyway.com/news-sitemap.xml","https://proxyway.com/news/proxy-ethicality-interview-with-blazing-seo"
"https://proxyway.com/news-sitemap.xml","https://proxyway.com/news/interview-with-i2coalition-about-scraping-ethicality"
"https://proxyway.com/news-sitemap.xml","https://proxyway.com/news/webshare-cuts-prices"
"https://proxyway.com/news-sitemap.xml","https://proxyway.com/news/zyte-officially-launches-zyte-api"
"https://proxyway.com/news-sitemap.xml","https://proxyway.com/news/smartproxy-launches-three-new-scraping-tools"
"https://proxyway.com/news-sitemap.xml","https://proxyway.com/news/blazing-seo-introduces-mobile-proxies"
"https://proxyway.com/news-sitemap.xml","https://proxyway.com/news/luminati-rebrands-becomes-bright-data"
"https://proxyway.com/news-sitemap.xml","https://proxyway.com/news/survey-on-proxy-use"
"https://proxyway.com/news-sitemap.xml","https://proxyway.com/news/bright-data-cuts-mobile-proxy-prices"
"https://proxyway.com/news-sitemap.xml","https://proxyway.com/news/smartproxy-launches-site-unblocker"
"https://proxyway.com/news-sitemap.xml","https://proxyway.com/news/infatica-launches-rotating-mobile-proxies"
"https://proxyway.com/news-sitemap.xml","https://proxyway.com/news/oxylabs-introduces-pay-as-you-go"
"https://proxyway.com/news-sitemap.xml","https://proxyway.com/news/infantica-introduces-shared-datacenter-proxies"
"https://proxyway.com/news-sitemap.xml","https://proxyway.com/news/soax-launches-rotating-isp-proxies"
"https://proxyway.com/news-sitemap.xml","https://proxyway.com/news/smartproxy-temporarily-cuts-residential-proxy-prices"
"https://proxyway.com/news-sitemap.xml","https://proxyway.com/news/oxylabs-self-service-new-plans-web-scrapers"
"https://proxyway.com/news-sitemap.xml","https://proxyway.com/news/oxylabs-introduces-new-plans-for-entry-level-and-enterprise-clients"
"https://proxyway.com/news-sitemap.xml","https://proxyway.com/news/iproyal-rebrands-adds-features-raises-prices"
"https://proxyway.com/news-sitemap.xml","https://proxyway.com/news/oxylabs-launches-web-unblocker"
"https://proxyway.com/news-sitemap.xml","https://proxyway.com/news/smartproxy-pay-per-ip-shared-proxies"
"https://proxyway.com/news-sitemap.xml","https://proxyway.com/news/oxylabs-launches-real-estate-scraper-api"
"https://proxyway.com/news-sitemap.xml","https://proxyway.com/news/netnut-introduces-mobile-proxy-plans"
"https://proxyway.com/news-sitemap.xml","https://proxyway.com/news/proxy-ethicality-interview-with-soax"
"https://proxyway.com/news-sitemap.xml","https://proxyway.com/news/smartproxy-introduces-pay-as-you-go"
"https://proxyway.com/news-sitemap.xml","https://proxyway.com/news/oxylabs-cuts-prices-introduces-payg"
"https://proxyway.com/news-sitemap.xml","https://proxyway.com/news/blazing-seo-rebrands-becomes-rayobyte"
"https://proxyway.com/news-sitemap.xml","https://proxyway.com/news/bright-data-introduces-residential-proxy-no-kyc-mode"
"https://proxyway.com/news-sitemap.xml","https://proxyway.com/news/oxylabs-introduces-shared-datacenter-proxies"
"https://proxyway.com/news-sitemap.xml","https://proxyway.com/news/smartproxy-adds-wallet-functionality-more-datacenter-locations-free-trial"
"https://proxyway.com/news-sitemap.xml","https://proxyway.com/news/interview-with-brightdata-about-proxy-ethicality"
"https://proxyway.com/news-sitemap.xml","https://proxyway.com/news/iproyal-pool-reaches-250000-ips"
"https://proxyway.com/news-sitemap.xml","https://proxyway.com/news/interview-with-oxylabs-about-proxy-ethicality"
"https://proxyway.com/news-sitemap.xml","https://proxyway.com/news/iproyal-loses-one-of-residential-proxy-pools"
"https://proxyway.com/news-sitemap.xml","https://proxyway.com/news/smartproxy-starts-offering-dedicated-datacenter-proxies"
"https://proxyway.com/news-sitemap.xml","https://proxyway.com/news/smartproxy-launches-anonymous-browser"
"https://proxyway.com/news-sitemap.xml","https://proxyway.com/news/netnut-launches-new-proxy-types-self-service"
"https://proxyway.com/news-sitemap.xml","https://proxyway.com/news/scrapinghub-becomes-zyte-releases-no-code-scraping-tool"
"https://proxyway.com/news-sitemap.xml","https://proxyway.com/news/oxylabs-real-time-crawler-browser-integration"
"https://proxyway.com/news-sitemap.xml","https://proxyway.com/news/smartproxy-us-states-rotation-time"
"https://proxyway.com/news-sitemap.xml","https://proxyway.com/news/bright-data-wins-against-meta"
"https://proxyway.com/news-sitemap.xml","https://proxyway.com/news/smartproxy-launches-dedicated-isp-proxies"
"https://proxyway.com/news-sitemap.xml","https://proxyway.com/news/smartproxy-makes-mobile-proxies-up-to-53-cheaper"
"https://proxyway.com/news-sitemap.xml","https://proxyway.com/news/soax-starts-offering-datacenter-proxies"
"https://proxyway.com/news-sitemap.xml","https://proxyway.com/news/oxylabs-dedicated-datacenter-self-service"
"https://proxyway.com/news-sitemap.xml","https://proxyway.com/news/soax-increases-proxy-pool-by-22-times"
"https://proxyway.com/news-sitemap.xml","https://proxyway.com/news/oxylabs-cuts-residential-proxy-prices-adds-coordinate-targeting"
"https://proxyway.com/news-sitemap.xml","https://proxyway.com/news/netnut-redesigns-website-teases-three-new-scrapers"
"https://proxyway.com/news-sitemap.xml","https://proxyway.com/news/oxylabs-starts-selling-datasets"
"https://proxyway.com/news-sitemap.xml","https://proxyway.com/news/bright-data-drops-residential-proxy-prices-by-30"
"https://proxyway.com/news-sitemap.xml","https://proxyway.com/news/infatica-mobile-proxies-50-cheaper"
"https://proxyway.com/news-sitemap.xml","https://proxyway.com/news/soax-scraping-apis-web-unblocker"
"https://proxyway.com/news-sitemap.xml","https://proxyway.com/news/smartproxy-mobile-price-cuts-pay-go"
"https://proxyway.com/news-sitemap.xml","https://proxyway.com/news/oxylabs-cuts-mobile-proxy-prices-by-up-to-30"
"https://proxyway.com/news-sitemap.xml","https://proxyway.com/news/smartproxy-slashes-residential-proxy-prices-again"
"https://proxyway.com/news-sitemap.xml","https://proxyway.com/news/bright-data-reduces-residential-prices-20-percent"
"https://proxyway.com/news-sitemap.xml","https://proxyway.com/news/oxylabs-cuts-residential-proxy-rates-20-percent"
"https://proxyway.com/news-sitemap.xml","https://proxyway.com/news/bright-data-scrapecon-2024"
"https://proxyway.com/news-sitemap.xml","https://proxyway.com/news/rayobyte-residential-price-cut-subscription"
"https://proxyway.com/news-sitemap.xml","https://proxyway.com/news/infatica-residential-price-decrease-april-2024"
"https://proxyway.com/news-sitemap.xml","https://proxyway.com/news/rayobyte-abuse-prevention-whitepaper"
"https://proxyway.com/news-sitemap.xml","https://proxyway.com/news/bright-data-equalizes-residential-mobile-proxy-rates"
"https://proxyway.com/news-sitemap.xml","https://proxyway.com/news/oxylabs-lowers-mobile-proxy-prices"
"https://proxyway.com/news-sitemap.xml","https://proxyway.com/news/oxylabs-launches-isp-proxies"
"https://proxyway.com/news-sitemap.xml","https://proxyway.com/news/rayobyte-rebrands-launches-three-new-products"
"https://proxyway.com/news-sitemap.xml","https://proxyway.com/news/infatica-introduces-dedicated-isp-proxies"
"https://proxyway.com/news-sitemap.xml","https://proxyway.com/news/new-review-nimbleway"
"https://proxyway.com/news-sitemap.xml","https://proxyway.com/news/smartproxy-adds-shared-isp-proxies-cuts-mobile-proxy-rates"
"https://proxyway.com/news-sitemap.xml","https://proxyway.com/news/netnut-decreases-residential-mobile-prices"
"https://proxyway.com/news-sitemap.xml","https://proxyway.com/news/zyte-web-scraping-conference-2022"
"https://proxyway.com/news-sitemap.xml","https://proxyway.com/news/bright-data-and-meta-sue-one-another"
"https://proxyway.com/news-sitemap.xml","https://proxyway.com/news/i2coalition-launches-initiative-to-make-public-data-aggregation-more-ethical"
"https://proxyway.com/news-sitemap.xml","https://proxyway.com/news/soax-cuts-prices-single-country-pools"
"https://proxyway.com/news-sitemap.xml","https://proxyway.com/news/netnut-unblocker-serp-api-datasets"
"https://proxyway.com/news-sitemap.xml","https://proxyway.com/news/oxycon-2023-recap"
"https://proxyway.com/news-sitemap.xml","https://proxyway.com/news/geosurf-is-shutting-down"
"https://proxyway.com/news-sitemap.xml","https://proxyway.com/news/judge-sides-with-bright-data-against-meta"
"https://proxyway.com/news-sitemap.xml","https://proxyway.com/news/scrapecon-2024-recap"
"https://proxyway.com/news-sitemap.xml","https://proxyway.com/news/how-kyc-guidelines-protect-proxy-market"
"https://proxyway.com/news-sitemap.xml","https://proxyway.com/news/zyte-2023-extract-summit"
"https://proxyway.com/news-sitemap.xml","https://proxyway.com/news/extract-summit-2023-recap"
"https://proxyway.com/news-sitemap.xml","https://proxyway.com/news/fbi-takes-down-rsocks"
"https://proxyway.com/news-sitemap.xml","https://proxyway.com/news/bright-data-buys-digital-analytics-company-announces-bright-insights"
"https://proxyway.com/news-sitemap.xml","https://proxyway.com/news/oxylabs-goes-on-offensive-against-bright-data"
"https://proxyway.com/news-sitemap.xml","https://proxyway.com/news/911-proxy-service-shuts-down"
"https://proxyway.com/news-sitemap.xml","https://proxyway.com/news/oxylabs-signs-exclusive-contract-with-honeygain"
"https://proxyway.com/news-sitemap.xml","https://proxyway.com/news/oxylabs-acquires-webshare"
"https://proxyway.com/news-sitemap.xml","https://proxyway.com/news/on-ethical-proxy-ip-acquisition-and-use"
"https://proxyway.com/news-sitemap.xml","https://proxyway.com/news/zyte-api-ai-scraping"
"https://proxyway.com/news-sitemap.xml","https://proxyway.com/news/bright-data-to-host-web-scraping-conference"
"https://proxyway.com/news-sitemap.xml","https://proxyway.com/news/oxylabs-announces-oxycon-2023"
"https://proxyway.com/news-sitemap.xml","https://proxyway.com/news/bright-data-impact-report-tech-highlights"
"https://proxyway.com/news-sitemap.xml","https://proxyway.com/news/soax-launches-podcast-ethical-data-collection"
"https://proxyway.com/news-sitemap.xml","https://proxyway.com/news/zyte-2022-extract-summit-recap"
"https://proxyway.com/news-sitemap.xml","https://proxyway.com/news/oxycon-day-2-recap"
"https://proxyway.com/news-sitemap.xml","https://proxyway.com/news/smartproxy-acquires-serpmaster"
"https://proxyway.com/news-sitemap.xml","https://proxyway.com/news/balancing-proxy-cost-and-quality"
"https://proxyway.com/news-sitemap.xml","https://proxyway.com/news/smartproxy-launches-isp-proxies-socks5-for-more-products"
"https://proxyway.com/news-sitemap.xml","https://proxyway.com/news/bright-data-launches-scraping-browser"
"https://proxyway.com/news-sitemap.xml","https://proxyway.com/news/smartproxy-launches-mobile-proxies-social-media-scraping-api"
"https://proxyway.com/news-sitemap.xml","https://proxyway.com/news/netnut-to-launch-free-vpn"
"https://proxyway.com/news-sitemap.xml","https://proxyway.com/news/bright-data-launches-free-vpn"
"https://proxyway.com/news-sitemap.xml","https://proxyway.com/news/luminati-releases-search-engine-crawler"
"https://proxyway.com/news-sitemap.xml","https://proxyway.com/news/smartproxy-launches-visual-web-scraper"
"https://proxyway.com/news-sitemap.xml","https://proxyway.com/news/oxycon-announces-2022-oxycon"
"https://proxyway.com/news-sitemap.xml","https://proxyway.com/news/zyte-extract-summit"
"https://proxyway.com/news-sitemap.xml","https://proxyway.com/news/smartproxy-launches-search-engine-proxies"
"https://proxyway.com/news-sitemap.xml","https://proxyway.com/news/oxylabs-webinar-legality-of-web-scraping"
"https://proxyway.com/news-sitemap.xml","https://proxyway.com/news/oxylabs-launches-chrome-extension"
"https://proxyway.com/news-sitemap.xml","https://proxyway.com/news/how-to-safeguard-proxy-industry"
"https://proxyway.com/news-sitemap.xml","https://proxyway.com/news/oxylabs-virtual-web-scraping-conference"
"https://proxyway.com/news-sitemap.xml","https://proxyway.com/news/oxycon-day-1-recap"
"https://proxyway.com/news-sitemap.xml","https://proxyway.com/news/oxylabs-reveals-oxycon-agenda"
"https://proxyway.com/news-sitemap.xml","https://proxyway.com/news/luminati-initiates-ethical-data-committee"
"https://proxyway.com/news-sitemap.xml","https://proxyway.com/news/oxylabs-reveals-2024-oxycons-agenda"
"https://proxyway.com/news-sitemap.xml","https://proxyway.com/news/dataimpulse-adds-more-targeting-options"
"https://proxyway.com/news-sitemap.xml","https://proxyway.com/news/netnut-revises-static-residential-proxy-pricing"
"https://proxyway.com/news-sitemap.xml","https://proxyway.com/news/smartproxy-ecommerce-maturity-index"
"https://proxyway.com/news-sitemap.xml","https://proxyway.com/news/interview-with-ping-proxies"
"https://proxyway.com/news-sitemap.xml","https://proxyway.com/news/blazing-seo-raises-funds-for-ukrainian-team"
"https://proxyway.com/news-sitemap.xml","https://proxyway.com/news/infatica-halves-mobile-proxy-rates"
"https://proxyway.com/news-sitemap.xml","https://proxyway.com/news/fighting-ip-hijacking-interview-with-stat-proxies"
"https://proxyway.com/news-sitemap.xml","https://proxyway.com/news/oxylabs-unifies-scraper-line-up-introduces-ai-copilot"
"https://proxyway.com/news-sitemap.xml","https://proxyway.com/news/oxycon-2024-recap"
"https://proxyway.com/news-sitemap.xml","https://proxyway.com/news/extract-summit-2024-recap"
"https://proxyway.com/news-sitemap.xml","https://proxyway.com/news/new-review-evomi"
"https://proxyway.com/news-sitemap.xml","https://proxyway.com/news/evomi-launches-core-residential-proxies"
"https://proxyway.com/news-sitemap.xml","https://proxyway.com/news/infatica-launches-dedicated-datacenter-proxies"
"https://proxyway.com/news-sitemap.xml","https://proxyway.com/news/smartproxy-launches-core-scraping-apis"
"https://proxyway.com/news-sitemap.xml","https://proxyway.com/news/new-review-pia-s5-proxies"
"https://proxyway.com/news-sitemap.xml","https://proxyway.com/news/new-review-live-proxies"
"https://proxyway.com/news-sitemap.xml","https://proxyway.com/news/new-review-lunaproxy"
"https://proxyway.com/news-sitemap.xml","https://proxyway.com/news/bright-data-scraper-prices-unlocker-api"
"https://proxyway.com/news-sitemap.xml","https://proxyway.com/news/google-search-starts-requiring-javascript-rendering"
"https://proxyway.com/news-sitemap.xml","https://proxyway.com/news/new-review-massive"
"https://proxyway.com/news-sitemap.xml","https://proxyway.com/news/dataimpulse-launches-premium-residential-proxy-pool"
"https://proxyway.com/news-sitemap.xml","https://proxyway.com/news/soax-reduces-prices-introduces-pay-go"
"https://proxyway.com/news-sitemap.xml","https://proxyway.com/news/netnut-cuts-residential-proxy-prices"
"https://proxyway.com/news-sitemap.xml","https://proxyway.com/news/infatica-cuts-residential-proxy-prices"
"https://proxyway.com/news-sitemap.xml","https://proxyway.com/news/proxy-panels-reselling-interview-with-rampage-proxies"
"https://proxyway.com/news-sitemap.xml","https://proxyway.com/news/evomi-adds-new-filters-to-residential-proxies"
"https://proxyway.com/news-sitemap.xml","https://proxyway.com/news/rayobyte-simplifies-reduces-residential-proxy-prices"
"https://proxyway.com/news-sitemap.xml","https://proxyway.com/news/infatica-launches-rotating-datacenter-proxies"
"https://proxyway.com/news-sitemap.xml","https://proxyway.com/news/smartproxy-rebrands-becomes-decodo"
"https://proxyway.com/news-sitemap.xml","https://proxyway.com/news/proxy-market-research-2025-is-available"
"https://proxyway.com/news-sitemap.xml","https://proxyway.com/news/soax-relaunches-web-unblocker"
"https://proxyway.com/news-sitemap.xml","https://proxyway.com/news/oxylabs-launches-a-product-suite-for-video-data"
"https://proxyway.com/news-sitemap.xml","https://proxyway.com/news/soax-acquires-proxywow"
"https://proxyway.com/news-sitemap.xml","https://proxyway.com/news/soax-acquires-rampage-proxies"
"https://proxyway.com/news-sitemap.xml","https://proxyway.com/news/oxylabs-announces-2024-oxycon"
"https://proxyway.com/news-sitemap.xml","https://proxyway.com/news/oxylabs-announces-oxycon-2025"
"https://proxyway.com/news-sitemap.xml","https://proxyway.com/news/oxylabs-acquires-scrapingbee"
"https://proxyway.com/news-sitemap.xml","https://proxyway.com/news/bright-data-launches-a-lineup-of-tools-for-ai"
"https://proxyway.com/news-sitemap.xml","https://proxyway.com/news/new-review-proxyempire"
"https://proxyway.com/news-sitemap.xml","https://proxyway.com/news/new-review-hypeproxies"
"https://proxyway.com/news-sitemap.xml","https://proxyway.com/news/kill-your-product"
"https://proxyway.com/news-sitemap.xml","https://proxyway.com/news/oxylabs-reveals-2025-oxycon-agenda"
"https://proxyway.com/news-sitemap.xml","https://proxyway.com/news/microsoft-retires-bing-search-apis-today"
"https://proxyway.com/news-sitemap.xml","https://proxyway.com/news/oxylabs-invalidates-four-bright-data-patents-in-court"
"https://proxyway.com/news-sitemap.xml","https://proxyway.com/news/new-review-proxyrack"
"https://proxyway.com/news-sitemap.xml","https://proxyway.com/news/new-review-ping-proxies"
"https://proxyway.com/news-sitemap.xml","https://proxyway.com/news/zyte-extract-summit-2025-austin-recap"
"https://proxyway.com/news-sitemap.xml","https://proxyway.com/news/oxycon-2025-recap"
"https://proxyway.com/news-sitemap.xml","https://proxyway.com/news/new-review-nodemaven"
"https://proxyway.com/news-sitemap.xml","https://proxyway.com/news/twitter-sues-bright-data"
"https://proxyway.com/news-sitemap.xml","https://proxyway.com/news/reddit-sues-perplexity-oxylabs-two-more-web-data-providers"
"https://proxyway.com/news-sitemap.xml","https://proxyway.com/news/iproyal-launches-web-unblocker"
"https://proxyway.com/news-sitemap.xml","https://proxyway.com/news/infatica-launches-ipv6-residential-proxies"
"https://proxyway.com/news-sitemap.xml","https://proxyway.com/news/dominic-li-journey-with-geelark"
"https://proxyway.com/news-sitemap.xml","https://proxyway.com/news/zyte-extract-summit-2025-dublin-recap"
"https://proxyway.com/news-sitemap.xml","https://proxyway.com/news/new-report-web-scraping-apis-in-2025"
"https://proxyway.com/news-sitemap.xml","https://proxyway.com/news/google-sues-serpapi"
"https://proxyway.com/news-sitemap.xml","https://proxyway.com/news/internet-sharing-sdks-app-monetization"
"https://proxyway.com/news-sitemap.xml","https://proxyway.com/news/zyte-publishes-2026-web-scraping-industry-report"
"https://proxyway.com/news-sitemap.xml","https://proxyway.com/news/google-disrupts-10-ipidea-related-chinese-proxy-providers"
"https://proxyway.com/news-sitemap.xml","https://proxyway.com/news/oxylabs-launches-dedicated-isp-proxies-in-self-service"
"https://proxyway.com/news-sitemap.xml","https://proxyway.com/news/rayobyte-slashes-mobile-proxy-rates-by-up-to-98"
"https://proxyway.com/news-sitemap.xml","https://proxyway.com/news/scrapingbee-launches-fast-search-api"
"https://proxyway.com/news-sitemap.xml","https://proxyway.com/news/nimble-raises-47m-to-build-web-search-for-ai"
"https://proxyway.com/news-sitemap.xml","https://proxyway.com/news/building-a-stealth-browser-interview-with-rayobyte"
"https://proxyway.com/news-sitemap.xml","https://proxyway.com/news/10-years-of-scrapy-interview-with-shane-evans"
"https://proxyway.com/news-sitemap.xml","https://proxyway.com/news/new-report-search-apis-in-2026"
"https://proxyway.com/news-sitemap.xml","https://proxyway.com/news/ping-proxies-rebrands-becomes-byteful"
"https://proxyway.com/news-sitemap.xml","https://proxyway.com/news/nodemaven-introduces-cashback-proxy-quality-guarantee"
"https://proxyway.com/news-sitemap.xml","https://proxyway.com/news/massive-launches-web-render-api"
"https://proxyway.com/news-sitemap.xml","https://proxyway.com/news/byteful-launches-mobile-proxies"
"https://proxyway.com/news-sitemap.xml","https://proxyway.com/news/proxy-market-research-2026-is-available"
"https://proxyway.com/news-sitemap.xml","https://proxyway.com/news/oxylabs-announces-oxycon-2026"
"https://proxyway.com/research-sitemap.xml","https://proxyway.com/research"
"https://proxyway.com/research-sitemap.xml","https://proxyway.com/research/proxy-market-research-2020"
"https://proxyway.com/research-sitemap.xml","https://proxyway.com/research/proxy-market-research-2021"
"https://proxyway.com/research-sitemap.xml","https://proxyway.com/research/market-research-2021-key-findings"
"https://proxyway.com/research-sitemap.xml","https://proxyway.com/research/proxyware-passive-income-apps"
"https://proxyway.com/research-sitemap.xml","https://proxyway.com/research/proxy-service-awards-2022"
"https://proxyway.com/research-sitemap.xml","https://proxyway.com/research/proxy-market-research-2022"
"https://proxyway.com/research-sitemap.xml","https://proxyway.com/research/proxy-service-awards-2019"
"https://proxyway.com/research-sitemap.xml","https://proxyway.com/research/market-research"
"https://proxyway.com/research-sitemap.xml","https://proxyway.com/research/web-scraping-apis"
"https://proxyway.com/research-sitemap.xml","https://proxyway.com/research/proxy-market-research-2023"
"https://proxyway.com/research-sitemap.xml","https://proxyway.com/research/proxy-service-awards-2023"
"https://proxyway.com/research-sitemap.xml","https://proxyway.com/research/proxy-apis-web-unblockers"
"https://proxyway.com/research-sitemap.xml","https://proxyway.com/research/isp-proxy-research"
"https://proxyway.com/research-sitemap.xml","https://proxyway.com/research/proxy-service-awards-2021"
"https://proxyway.com/research-sitemap.xml","https://proxyway.com/research/proxy-service-awards-2020"
"https://proxyway.com/research-sitemap.xml","https://proxyway.com/research/proxy-market-research-2024"
"https://proxyway.com/research-sitemap.xml","https://proxyway.com/research/proxy-service-awards-2024"
"https://proxyway.com/research-sitemap.xml","https://proxyway.com/research/comparing-popular-web-scraping-proxy-apis"
"https://proxyway.com/research-sitemap.xml","https://proxyway.com/research/proxy-market-research-2025"
"https://proxyway.com/research-sitemap.xml","https://proxyway.com/research/proxy-service-awards-2025"
"https://proxyway.com/research-sitemap.xml","https://proxyway.com/research/web-scraping-api-report-2025"
"https://proxyway.com/research-sitemap.xml","https://proxyway.com/research/internet-sharing-sdks-app-monetization"
"https://proxyway.com/research-sitemap.xml","https://proxyway.com/research/search-apis-2026-report"
"https://proxyway.com/research-sitemap.xml","https://proxyway.com/research/we-tested-smartproxyorg-ip-pool-findings"
"https://proxyway.com/research-sitemap.xml","https://proxyway.com/research/proxy-market-research-2026"
"https://proxyway.com/glossary-sitemap.xml","https://proxyway.com/glossary"
"https://proxyway.com/glossary-sitemap.xml","https://proxyway.com/glossary/c"
"https://proxyway.com/glossary-sitemap.xml","https://proxyway.com/glossary/captcha"
"https://proxyway.com/glossary-sitemap.xml","https://proxyway.com/glossary/css"
"https://proxyway.com/glossary-sitemap.xml","https://proxyway.com/glossary/data-mining"
"https://proxyway.com/glossary-sitemap.xml","https://proxyway.com/glossary/api"
"https://proxyway.com/glossary-sitemap.xml","https://proxyway.com/glossary/axios"
"https://proxyway.com/glossary-sitemap.xml","https://proxyway.com/glossary/csv"
"https://proxyway.com/glossary-sitemap.xml","https://proxyway.com/glossary/curl"
"https://proxyway.com/glossary-sitemap.xml","https://proxyway.com/glossary/dns"
"https://proxyway.com/glossary-sitemap.xml","https://proxyway.com/glossary/dom"
"https://proxyway.com/glossary-sitemap.xml","https://proxyway.com/glossary/domain"
"https://proxyway.com/glossary-sitemap.xml","https://proxyway.com/glossary/fetch"
"https://proxyway.com/glossary-sitemap.xml","https://proxyway.com/glossary/honeypot"
"https://proxyway.com/glossary-sitemap.xml","https://proxyway.com/glossary/http"
"https://proxyway.com/glossary-sitemap.xml","https://proxyway.com/glossary/ip-address"
"https://proxyway.com/glossary-sitemap.xml","https://proxyway.com/glossary/ipv4-proxy"
"https://proxyway.com/glossary-sitemap.xml","https://proxyway.com/glossary/ipv6"
"https://proxyway.com/glossary-sitemap.xml","https://proxyway.com/glossary/json"
"https://proxyway.com/glossary-sitemap.xml","https://proxyway.com/glossary/mysql"
"https://proxyway.com/glossary-sitemap.xml","https://proxyway.com/glossary/scraper"
"https://proxyway.com/glossary-sitemap.xml","https://proxyway.com/glossary/sql"
"https://proxyway.com/glossary-sitemap.xml","https://proxyway.com/glossary/smb"
"https://proxyway.com/glossary-sitemap.xml","https://proxyway.com/glossary/selenium"
"https://proxyway.com/glossary-sitemap.xml","https://proxyway.com/glossary/robots-txt"
"https://proxyway.com/glossary-sitemap.xml","https://proxyway.com/glossary/regex"
"https://proxyway.com/glossary-sitemap.xml","https://proxyway.com/glossary/playwright"
"https://proxyway.com/glossary-sitemap.xml","https://proxyway.com/glossary/node-js"
"https://proxyway.com/glossary-sitemap.xml","https://proxyway.com/glossary/network-protocol"
"https://proxyway.com/glossary-sitemap.xml","https://proxyway.com/glossary/data-extraction"
"https://proxyway.com/glossary-sitemap.xml","https://proxyway.com/glossary/token"
"https://proxyway.com/proxy-locations-sitemap.xml","https://proxyway.com/proxy-locations"
"https://proxyway.com/proxy-locations-sitemap.xml","https://proxyway.com/proxy-locations/singapore-proxy"
"https://proxyway.com/proxy-locations-sitemap.xml","https://proxyway.com/proxy-locations/denmark-proxy"
"https://proxyway.com/proxy-locations-sitemap.xml","https://proxyway.com/proxy-locations/belgium-proxy"
"https://proxyway.com/proxy-locations-sitemap.xml","https://proxyway.com/proxy-locations/poland-proxy"
"https://proxyway.com/proxy-locations-sitemap.xml","https://proxyway.com/proxy-locations/russia-proxy"
"https://proxyway.com/proxy-locations-sitemap.xml","https://proxyway.com/proxy-locations/mexico-proxy"
"https://proxyway.com/proxy-locations-sitemap.xml","https://proxyway.com/proxy-locations/spain-proxy"
"https://proxyway.com/proxy-locations-sitemap.xml","https://proxyway.com/proxy-locations/netherlands-proxy"
"https://proxyway.com/proxy-locations-sitemap.xml","https://proxyway.com/proxy-locations/japan-proxy"
"https://proxyway.com/proxy-locations-sitemap.xml","https://proxyway.com/proxy-locations/china-proxy"
"https://proxyway.com/proxy-locations-sitemap.xml","https://proxyway.com/proxy-locations/canada-proxy"
"https://proxyway.com/proxy-locations-sitemap.xml","https://proxyway.com/proxy-locations/italy-proxy"
"https://proxyway.com/proxy-locations-sitemap.xml","https://proxyway.com/proxy-locations/sweden-proxy"
"https://proxyway.com/proxy-locations-sitemap.xml","https://proxyway.com/proxy-locations/israel-proxy"
"https://proxyway.com/proxy-locations-sitemap.xml","https://proxyway.com/proxy-locations/new-zealand-proxy"
"https://proxyway.com/proxy-locations-sitemap.xml","https://proxyway.com/proxy-locations/indonesia-proxy"
"https://proxyway.com/proxy-locations-sitemap.xml","https://proxyway.com/proxy-locations/vietnam-proxy"
"https://proxyway.com/proxy-locations-sitemap.xml","https://proxyway.com/proxy-locations/south-korea-proxy"
"https://proxyway.com/proxy-locations-sitemap.xml","https://proxyway.com/proxy-locations/asia-proxy"
"https://proxyway.com/proxy-locations-sitemap.xml","https://proxyway.com/proxy-locations/thailand-proxy"
"https://proxyway.com/proxy-locations-sitemap.xml","https://proxyway.com/proxy-locations/taiwan-proxy"
"https://proxyway.com/proxy-locations-sitemap.xml","https://proxyway.com/proxy-locations/uk-proxy"
"https://proxyway.com/proxy-locations-sitemap.xml","https://proxyway.com/proxy-locations/us-proxy"
"https://proxyway.com/proxy-locations-sitemap.xml","https://proxyway.com/proxy-locations/europe-proxy"
"https://proxyway.com/proxy-locations-sitemap.xml","https://proxyway.com/proxy-locations/brazil-proxy"
"https://proxyway.com/proxy-locations-sitemap.xml","https://proxyway.com/proxy-locations/india-proxy"
"https://proxyway.com/proxy-locations-sitemap.xml","https://proxyway.com/proxy-locations/germany-proxy"
"https://proxyway.com/proxy-locations-sitemap.xml","https://proxyway.com/proxy-locations/australia-proxy"
"https://proxyway.com/proxy-locations-sitemap.xml","https://proxyway.com/proxy-locations/france-proxy"
"https://proxyway.com/alternatives-sitemap.xml","https://proxyway.com/alternatives"
"https://proxyway.com/alternatives-sitemap.xml","https://proxyway.com/alternatives/oxylabs-alternatives"
"https://proxyway.com/alternatives-sitemap.xml","https://proxyway.com/alternatives/netnut-alternatives"
"https://proxyway.com/alternatives-sitemap.xml","https://proxyway.com/alternatives/bright-data-alternatives"
"https://proxyway.com/alternatives-sitemap.xml","https://proxyway.com/alternatives/storm-proxies-alternatives"
"https://proxyway.com/alternatives-sitemap.xml","https://proxyway.com/alternatives/smartproxy-alternatives"
"https://proxyway.com/alternatives-sitemap.xml","https://proxyway.com/alternatives/proxy-switchyomega-alternatives"
"https://proxyway.com/alternatives-sitemap.xml","https://proxyway.com/alternatives/911-s5-alternatives"
"https://proxyway.com/alternatives-sitemap.xml","https://proxyway.com/alternatives/922-proxy-alternatives"
"https://proxyway.com/alternatives-sitemap.xml","https://proxyway.com/alternatives/geosurf-alternatives"
"https://proxyway.com/alternatives-sitemap.xml","https://proxyway.com/alternatives/scrapingbee-alternatives"
"https://proxyway.com/alternatives-sitemap.xml","https://proxyway.com/alternatives/top-webshare-alternatives"
"https://proxyway.com/comparisons-sitemap.xml","https://proxyway.com/comparisons"
"https://proxyway.com/comparisons-sitemap.xml","https://proxyway.com/comparisons/storm-proxies-vs-smartproxy-performance-feature-comparison"
"https://proxyway.com/comparisons-sitemap.xml","https://proxyway.com/comparisons/oxylabs-vs-luminati-which-is-the-best"
"https://proxyway.com/comparisons-sitemap.xml","https://proxyway.com/comparisons/smartproxy-vs-luminati-performance-feature-comparison"
"https://proxyway.com/comparisons-sitemap.xml","https://proxyway.com/comparisons/gologin-vs-multilogin"
"https://proxyway.com/knowledge-base-sitemap.xml","https://proxyway.com/knowledge-base"
"https://proxyway.com/knowledge-base-sitemap.xml","https://proxyway.com/knowledge-base/how-to-find-all-href-attributes-using-beautifulsoup"
"https://proxyway.com/knowledge-base-sitemap.xml","https://proxyway.com/knowledge-base/how-to-scrape-multiple-pages-using-beautifulsoup"
"https://proxyway.com/knowledge-base-sitemap.xml","https://proxyway.com/knowledge-base/how-to-scrape-a-table-using-beautifulsoup"
"https://proxyway.com/knowledge-base-sitemap.xml","https://proxyway.com/knowledge-base/how-to-find-element-by-class-using-beautifulsoup"
"https://proxyway.com/knowledge-base-sitemap.xml","https://proxyway.com/knowledge-base/how-to-get-text-from-div-using-beautifulsoup"
"https://proxyway.com/knowledge-base-sitemap.xml","https://proxyway.com/knowledge-base/how-to-remove-tag-but-keep-its-contents-using-beautifulsoup"
"https://proxyway.com/knowledge-base-sitemap.xml","https://proxyway.com/knowledge-base/how-to-extract-text-from-a-table-using-beautifulsoup"
"https://proxyway.com/knowledge-base-sitemap.xml","https://proxyway.com/knowledge-base/how-to-find-element-by-id-using-beautifulsoup"
"https://proxyway.com/knowledge-base-sitemap.xml","https://proxyway.com/knowledge-base/how-to-get-text-using-lxml"
"https://proxyway.com/knowledge-base-sitemap.xml","https://proxyway.com/knowledge-base/how-to-parse-xml-with-lxml"
"https://proxyway.com/knowledge-base-sitemap.xml","https://proxyway.com/knowledge-base/how-to-get-src-attribute-from-img-tag-using-beautifulsoup"
"https://proxyway.com/knowledge-base-sitemap.xml","https://proxyway.com/knowledge-base/prevent-web-scraping-using-ip-geolocation"
"https://proxyway.com/knowledge-base-sitemap.xml","https://proxyway.com/knowledge-base/how-to-find-element-by-id-using-selenium"
"https://proxyway.com/knowledge-base-sitemap.xml","https://proxyway.com/knowledge-base/how-to-find-element-by-text-using-selenium"
"https://proxyway.com/knowledge-base-sitemap.xml","https://proxyway.com/knowledge-base/how-to-find-all-urls-using-selenium"
"https://proxyway.com/knowledge-base-sitemap.xml","https://proxyway.com/knowledge-base/how-to-open-ie-using-selenium-webdriver"
"https://proxyway.com/knowledge-base-sitemap.xml","https://proxyway.com/knowledge-base/how-to-extract-text-with-formatting-using-beautifulsoup"
"https://proxyway.com/knowledge-base-sitemap.xml","https://proxyway.com/knowledge-base/how-to-install-beautifulsoup-on-windows-10"
"https://proxyway.com/knowledge-base-sitemap.xml","https://proxyway.com/knowledge-base/how-to-get-href-attribute-of-a-element-using-beautiful-soup"